"slip","column","means","sides","whom","chest","all","plane","pride","population","score","anything","log","exactly","hot","direction","building","troops","deeply","base"
"blind","fewer","basket","capital","young","spoken","loss","dot","getting","green","various","birth","dig","another","gently","hard","chair","wet","alone","entire"
"person","determine","golden","correctly","price","brush","thing","death","command","charge","stairs","married","period","community","found","cell","does","child","trail","strength"
"fought","avoid","whenever","edge","plan","connected","gravity","last","while","smoke","setting","my","practical","grandfather","according","height","plain","appearance","there","building"
"government","cross","taste","mean","saw","heavy","none","vegetable","proper","pot","managed","them","tonight","spend","avoid","construction","therefore","difficulty","crew","citizen"
"provide","accurate","roll","men","frog","slide","clear","army","offer","musical","she","may","help","gate","buried","rope","television","stranger","fill","cent"
"build","transportation","chance","essential","effect","yourself","gently","feathers","rhyme","zero","when","jar","ready","whistle","influence","bare","substance","him","high","herself"
"curious","whom","change","do","few","unknown","movement","recently","piece","pink","manufacturing","trail","statement","control","engine","unit","compare","rocket","force","drove"
"tail","tube","difficult","express","design","purpose","fourth","kill","pull","plane","trade","ring","scared","mixture","brown","ocean","writer","quarter","massage","headed"
"freedom","fill","collect","being","fill","brass","kitchen","degree","flow","stiff","track","union","answer","satisfied","smoke","president","saw","none","article","hang"
"off","congress","belt","lie","corn","thing","please","full","brush","instrument","bag","furniture","like","moment","job","board","after","wheat","wrong","upward"
"just","friend","buffalo","stuck","wrong","right","bee","hollow","shinning","thin","safe","excitement","face","plan","officer","either","dead","anywhere","where","car"
"gain","scientist","begun","pine","art","done","trunk","important","ship","solve","neighbor","shout","shot","ought","anyway","winter","slope","impossible","laugh","experience"
"heart","part","pig","realize","increase","with","kill","morning","blood","arrive","local","living","practical","husband","tube","steel","thousand","principal","being","eye"
"agree","weak","throughout","salmon","aboard","mood","rate","prize","range","ground","warn","policeman","problem","energy","roll","zoo","sides","composition","chemical","mile"
"brush","back","dream","faster","lose","boat","shirt","include","needed","great","ago","busy","bicycle","mass","quiet","mysterious","establish","bring","whistle","report"
"bush","sad","snow","letter","pair","regular","physical","broad","receive","recognize","mile","terrible","alone","breath","swung","team","regular","have","me","am"
"personal","amount","produce","do","avoid","mad","past","empty","acres","struggle","light","nose","fully","modern","herself","original","condition","cup","area","from"
"cannot","colony","writer","chief","earn","piece","bean","way","view","wish","season","railroad","mission","require","depth","field","do","military","consider","gone"
"consonant","environment","dance","purpose","chief","mountain","seen","talk","continued","typical","neighborhood","card","behind","luck","job","block","shown","church","busy","better"
"bow","forgotten","prove","world","fence","took","nine","east","mirror","fifth","review","sign","fighting","strong","seen","shoulder","ground","climate","fallen","putting"
"compare","think","wood","lungs","nuts","develop","rather","even","within","warn","dear","large","between","waste","dust","end","valley","rising","examine","powerful"
"correct","fort","partly","mathematics","finest","worry","audience","basic","atomic","basis","afternoon","nine","product","plate","motor","rubber","board","pole","southern","solution"
"apartment","test","agree","tip","slept","cream","curious","blind","sold","she","cell","wolf","situation","roll","football","selection","dirty","factor","term","told"
"caught","group","thumb","pour","should","would","noted","daughter","observe","list","corn","know","establish","sense","board","behind","felt","luck","congress","vertical"
"your","believed","stepped","single","bread","cheese","herself","rough","regular","white","ten","got","fifteen","alive","service","yesterday","girl","became","sharp","pan"
"condition","lady","effort","want","fly","sight","best","society","anyway","guide","great","without","thin","went","fun","plain","storm","rhythm","introduced","too"
"but","has","group","handle","straw","tree","biggest","near","group","beautiful","allow","up","almost","purpose","labor","sun","seldom","beautiful","fly","it"
"sang","afraid","east","every","pure","has","am","throw","frozen","enjoy","principal","pupil","paid","cell","once","identity","hunt","hall","directly","ran"
"easy","dropped","although","medicine","origin","image","characteristic","equator","writing","yourself","lips","frame","magnet","fifteen","before","done","dig","medicine","fallen","excited"
"follow","clock","almost","string","jack","fox","smile","milk","pencil","bite","composition","load","flow","element","first","tent","youth","during","had","lack"
"dig","love","private","help","worker","deal","screen","aid","problem","reach","equal","wooden","sang","matter","troops","become","sat","string","whom","we"
"separate","noon","beautiful","proud","rice","treated","widely","lower","lovely","even","no","perfect","ocean","flight","wear","diameter","according","customs","run","stay"
"being","share","step","thus","come","cut","inside","small","cup","metal","expect","operation","ten","frog","public","higher","author","driving","behavior","seven"
"bee","fighting","doing","trace","wealth","beyond","basket","type","hold","although","spin","travel","paper","recall","post","rule","grandfather","path","parallel","meet"
"church","yes","lying","for","welcome","soil","explain","lay","sail","space","enemy","today","weigh","breathing","dollar","journey","top","dirt","fight","negative"
"student","maybe","poetry","seat","broke","upward","queen","apple","wheat","slabs","anyone","exchange","total","told","planning","brave","twenty","sold","writing","happened"
"require","affect","broke","blind","sun","barn","garden","basis","egg","ill","careful","poet","apart","sides","have","sent","border","high","dollar","rabbit"
"told","given","needed","enemy","warn","peace","support","once","wooden","kitchen","allow","figure","creature","feel","bush","suggest","thumb","piece","freedom","difference"
"he","into","nice","early","hunt","hall","unless","means","train","nation","first","slave","basic","able","energy","tube","native","additional","lake","perhaps"
"left","silent","advice","where","tent","church","slide","cloth","somehow","gasoline","atom","fell","poor","fighting","noon","supply","gentle","carry","middle","lying"
"poor","rocket","found","raw","soap","shoot","harder","way","dish","stop","magic","done","see","bad","attempt","education","guide","visitor","worth","problem"
"lucky","private","shine","available","birthday","mill","selection","thou","bush","especially","reader","indeed","gravity","telephone","voyage","setting","mud","gather","mirror","sand"
"chance","long","kind","bat","aside","chair","night","beat","sharp","pan","condition","her","branch","quick","pattern","effort","better","signal","common","five"
"garage","doll","include","wise","helpful","lower","noted","daily","bicycle","belt","year","level","element","cannot","pitch","base","kids","not","say","wait"
"snake","given","reach","sad","learn","such","is","tail","unhappy","saddle","apartment","across","enter","might","see","comfortable","ruler","month","castle","hello"
"spite","aware","sign","pitch","has","gasoline","sell","addition","shoulder","show","large","lead","song","principle","cotton","cool","whom","pull","ready","connected"
"eager","fog","pile","position","shoe","share","newspaper","wagon","truck","sheep","strong","aloud","ready","talk","claws","second","play","element","biggest","herd"
"fly","work","establish","sides","information","until","willing","slight","baseball","six","bowl","so","actual","camera","chest","order","earlier","more","nest","getting"
"or","older","basket","tales","shelf","movie","current","root","rough","consider","rocket","tobacco","outer","anything","ability","baby","tonight","read","beyond","give"
"does","correct","earn","trap","phrase","harder","doll","would","direct","prevent","stranger","carbon","breakfast","plant","clear","plenty","screen","asleep","stronger","step"
"solve","you","canal","chart","living","loss","exercise","so","feed","room","would","found","gold","concerned","firm","combination","which","consider","political","guess"
"however","brief","gun","row","blow","warn","darkness","account","pain","straw","halfway","character","white","gun","produce","piece","nine","act","find","village"
"mood","fireplace","principal","bell","brick","thin","younger","steep","solution","author","represent","spring","tea","himself","full","bound","stop","broad","principal","industry"
"pig","purple","child","free","glass","man","except","information","draw","felt","rate","broke","rope","clearly","tape","program","sum","consider","bat","steep"
"doubt","start","mix","dust","favorite","factory","town","motion","practice","rocket","long","eleven","applied","material","greatly","hay","cheese","mainly","pour","make"
"characteristic","bow","dear","health","system","door","frame","bicycle","customs","gain","colony","character","teach","rod","manufacturing","surface","breathe","former","swing","becoming"
"dead","living","ought","supply","rice","thread","buy","show","area","just","detail","club","queen","music","trick","broad","window","late","donkey","hunter"
"tone","society","service","barn","tell","explain","without","breathing","any","substance","wonder","fifth","silly","whistle","village","south","law","construction","pitch","north"
"snake","fort","wonderful","box","blue","eleven","quickly","ear","victory","crowd","angry","any","give","review","birds","result","talk","actually","furniture","completely"
"bring","short","island","during","simplest","engine","excellent","foot","cold","population","select","pure","article","aloud","vapor","quite","partly","own","thread","sudden"
"gentle","divide","doing","ask","once","push","weak","join","create","shade","check","plane","typical","tomorrow","active","meet","press","wood","satellites","rod"
"tail","current","stems","deer","degree","product","check","apple","forty","egg","rush","collect","calm","fifty","moon","dot","wooden","evening","send","motion"
"badly","evening","do","skill","gate","wish","creature","give","known","tight","mood","shore","make","allow","music","saddle","muscle","toward","listen","fly"
"sides","beneath","deal","oil","simply","thing","tax","mice","family","earlier","syllable","mine","queen","studying","cookies","classroom","success","girl","him","gently"
"friend","select","prize","little","vertical","knife","camp","gray","vast","per","floor","choice","soldier","visitor","laugh","teach","truth","office","create","shut"
"series","barn","safe","property","neck","pleasure","old","imagine","about","your","table","essential","bear","natural","order","fast","tin","count","almost","learn"
"chief","native","price","butter","exercise","nearest","wrote","oil","damage","slave","sale","trap","additional","thou","sit","lift","pull","first","plenty","night"
"mission","hill","means","small","running","creature","body","lovely","copper","flat","size","saw","simply","trail","crowd","near","nails","parent","affect","come"
"chicken","funny","prize","fewer","least","island","place","heat","black","up","limited","asleep","rubber","group","ever","library","actually","live","catch","concerned"
"officer","write","truth","purple","sick","am","feel","tube","season","shoe","bottom","tip","gradually","tin","might","her","structure","visitor","planning","remain"
"forward","element","fierce","greatest","blind","peace","realize","center","giant","thing","complex","stared","anywhere","him","main","neck","circle","jungle","cheese","railroad"
"fish","continued","numeral","trace","face","outside","respect","amount","ourselves","spirit","wear","definition","mirror","told","time","breathe","flight","collect","forty","chamber"
"six","around","temperature","stomach","take","join","arrange","tight","properly","massage","breathing","pupil","tears","maybe","death","touch","lower","must","opportunity","object"
"seven","upper","push","compound","such","milk","high","cause","shall","finally","period","porch","choose","thread","occasionally","atomic","occur","sentence","program","husband"
"movie","oldest","compass","evening","shelter","graph","tool","dust","likely","rabbit","sang","concerned","surprise","combine","smell","sand","review","since","ever","instrument"
"after","shop","running","very","hurt","selection","driving","caught","another","in","board","possible","nose","proud","earth","asleep","fed","century","structure","sleep"
"film","powerful","independent","away","relationship","lay","rhyme","tip","handle","victory","solution","student","path","month","time","strength","earn","bite","plus","cost"
"root","on","table","per","flow","cabin","per","guide","cup","hunter","inside","property","keep","indeed","song","finish","cow","cow","complete","daughter"
"making","easy","back","adult","mail","property","somewhere","found","some","fireplace","income","border","pressure","colony","chicken","original","my","art","couple","quiet"
"smallest","trap","source","actual","studying","union","consonant","can","saddle","myself","for","into","attempt","closer","queen","else","move","pour","law","farther"
"consonant","related","close","system","however","label","port","active","increase","be","tin","part","farther","stood","drove","chair","am","review","spoken","tiny"
"order","corn","supply","sell","everywhere","forth","clearly","bar","golden","trunk","result","single","value","central","fine","aid","up","layers","ten","express"
"tell","saved","require","sweet","year","start","recent","same","each","nearest","tin","could","rhythm","tribe","slope","supply","month","shallow","area","quarter"
"write","model","poet","dish","ride","take","ought","apartment","rise","typical","prepare","tiny","condition","simply","road","answer","foot","due","rich","very"
"minerals","situation","property","college","is","prepare","slightly","pick","club","tea","most","hill","wire","allow","flower","treated","told","someone","remain","orbit"
"satellites","ever","remain","angry","lamp","grass","seed","similar","path","eight","event","slightly","onlinetools","trace","browserling","sign","began","exercise","movie","found"
"store","consist","safe","clay","flower","route","act","later","rise","acres","service","aloud","exactly","calm","fallen","rocky","tip","catch","roll","biggest"
"wore","sweet","oxygen","frighten","when","roll","height","ground","seldom","hurt","state","known","available","whenever","school","hunter","gentle","suggest","sit","floating"
"hung","boat","primitive","rose","step","think","monkey","enter","game","bus","paint","about","press","breeze","wrote","plan","daughter","lose","successful","shore"
"corn","what","damage","giant","minute","condition","onto","oldest","vast","stuck","asleep","cloth","willing","asleep","huge","road","steep","apple","unknown","nearest"
"sheep","union","anyone","movie","person","keep","fought","simple","feed","greatly","breeze","her","receive","share","special","finish","wall","influence","create","smaller"
"must","search","pan","moment","hair","time","office","aloud","tape","rabbit","warm","small","work","definition","are","about","afternoon","higher","climate","fill"
"easy","strike","meet","truth","chief","nice","chair","stronger","broke","gone","led","electricity","farm","threw","father","successful","happened","first","brief","solar"
"aside","space","tonight","active","stepped","speak","wore","cat","except","electric","themselves","street","explanation","strong","stepped","interior","before","herd","exclaimed","pleasant"
"time","gently","dirty","voyage","especially","rich","measure","troops","gravity","into","available","voyage","aboard","spread","worse","now","band","citizen","strange","dried"
"stream","equator","hill","call","rubbed","one","lips","vertical","gradually","another","football","either","pink","teach","contrast","brief","population","seems","prevent","stop"
"stranger","does","no","silent","found","conversation","clearly","percent","skill","cent","cheese","smoke","pine","mad","street","depend","hour","actually","strip","recognize"
"consider","shoot","which","fireplace","none","mean","completely","energy","choose","this","someone","rough","bill","bite","apart","eight","deal","eventually","instant","list"
"native","occasionally","least","still","honor","pile","common","lot","quiet","married","life","science","similar","blew","replied","tone","goose","fall","slave","yes"
"phrase","syllable","driver","three","sing","football","tongue","late","burst","during","volume","nervous","below","cave","research","giving","gold","birth","duty","respect"
"somewhere","similar","limited","stairs","dot","frame","continued","replied","onlinetools","with","full","hardly","label","row","prepare","call","raw","nearby","salmon","production"
"difficulty","lonely","temperature","bank","children","barn","between","supper","during","kitchen","troops","region","library","shake","done","combination","me","spoken","heading","began"
"dish","want","bee","review","experiment","minute","wing","practical","acres","would","how","apple","castle","west","yard","magnet","heat","theory","past","bend"
"rapidly","cave","breathing","task","known","attached","ate","most","carefully","had","ability","locate","flame","any","gold","rhyme","rising","mixture","sea","sleep"
"front","knowledge","proper","bound","toy","facing","discussion","fire","store","person","cutting","nearby","public","several","nature","wish","dawn","broke","sing","land"
"quick","moment","anyone","bet","larger","meal","town","silly","crew","bank","lucky","throw","tightly","correctly","seat","firm","love","farm","depend","triangle"
"wrote","song","dog","usual","basket","canal","constantly","salmon","dried","president","center","rush","notice","laid","minerals","pot","element","luck","actual","win"
"needs","produce","breathing","foot","public","difficult","bag","farmer","fort","shaking","yes","youth","sea","well","provide","deep","month","silk","border","well"
"union","realize","club","come","play","lungs","climate","fat","without","supply","is","nearly","huge","opposite","chicken","after","sum","army","worse","provide"
"bit","to","solve","image","danger","finally","harder","trap","still","from","spoken","itself","our","third","leaf","class","parts","pan","citizen","usual"
"shoot","definition","planning","ahead","chart","bridge","smile","occasionally","master","short","hair","therefore","service","seven","tea","weigh","sport","spent","together","bell"
"former","well","motion","straw","shirt","instance","else","night","happened","led","satisfied","success","separate","luck","airplane","apartment","tried","species","claws","equator"
"powder","chain","origin","rope","search","discover","hot","frog","slabs","slope","nearby","shaking","position","practical","worker","thought","shoulder","exact","able","almost"
"tired","not","mainly","exercise","recent","exchange","continent","protection","screen","post","too","education","window","gold","accident","guard","danger","various","track","what"
"base","discover","orange","negative","smooth","learn","captain","earlier","any","have","captured","pattern","most","court","labor","book","calm","stage","quarter","trouble"
"afternoon","contain","sides","sheep","merely","seat","company","clay","connected","cat","having","copy","finally","sunlight","size","rate","bread","signal","tomorrow","missing"
"apart","joy","return","behind","mostly","bus","degree","light","body","needed","say","horse","journey","dinner","biggest","poor","handsome","boat","go","expect"
"locate","several","bend","than","influence","congress","boat","current","public","zero","imagine","mistake","inch","design","hit","unusual","ship","zoo","wild","else"
"around","progress","air","use","is","win","crowd","cloth","men","fighting","never","catch","observe","breathe","at","failed","bit","iron","north","supper"
"storm","palace","uncle","somehow","guard","trouble","while","coach","friend","contrast","quickly","sad","unit","mother","you","bark","sad","properly","animal","valley"
"energy","loss","however","friend","section","join","nodded","must","rocky","fair","farm","mission","spell","crop","stand","horn","up","tip","coal","world"
"replied","manner","over","depth","consider","has","note","save","boy","produce","wet","twelve","father","folks","in","while","measure","up","lady","post"
"small","explore","engineer","enjoy","labor","friendly","out","happy","extra","answer","recognize","dirt","said","handsome","system","notice","pride","planning","hide","stage"
"needs","heavy","religious","taught","compass","got","captain","search","principal","slabs","horn","upon","office","buffalo","arrange","season","herd","positive","burst","step"
"slow","trunk","according","grabbed","does","lady","wheel","anywhere","letter","down","me","seat","shine","screen","amount","tried","cookies","baseball","noted","post"
"shown","music","point","talk","product","guard","space","surprise","funny","lonely","fear","independent","beauty","perhaps","asleep","sharp","summer","also","grew","three"
"lot","sick","solve","length","unit","something","stuck","noted","jar","settlers","strength","lucky","send","vote","principle","giving","journey","castle","rich","constantly"
"tight","figure","powerful","guide","those","jump","identity","pick","gate","like","cow","film","support","driving","will","chicken","mind","angry","bottle","complex"
"base","stopped","sunlight","mysterious","your","brown","wet","studying","excitement","be","sentence","promised","worry","impossible","darkness","pour","news","nor","teeth","bright"
"paper","spring","earlier","single","activity","taste","seat","apartment","drop","thee","nervous","gold","coming","beside","standard","gentle","citizen","morning","exchange","tales"
"glass","nose","once","basic","closer","lion","gold","doctor","degree","social","tool","burst","pull","slip","son","part","dried","wide","jack","strip"
"independent","move","sun","smoke","record","coffee","does","hair","sharp","back","last","probably","soap","for","company","minerals","difference","spin","cup","bean"
"ground","during","beginning","earth","height","person","definition","might","shore","pass","finish","chart","pale","religious","sheep","with","exist","affect","find","later"
"lion","nodded","shoe","recognize","deep","identity","tropical","somehow","position","like","pattern","waste","studying","sent","shelf","angle","plane","limited","section","saved"
"rocky","stock","avoid","group","question","plastic","care","join","troops","market","plenty","studying","straw","start","laugh","everything","stage","generally","has","ate"
"married","journey","name","grass","toward","mixture","advice","similar","brick","camp","jar","sing","aside","nice","production","verb","layers","cow","stone","gradually"
"describe","slave","bow","taste","measure","speak","brass","directly","him","vessels","during","careful","speak","force","leader","decide","record","number","shelter","married"
"dinner","bring","please","stopped","official","guess","anybody","whale","motion","hole","dried","smell","require","jet","eight","trail","suddenly","organized","factory","farm"
"alive","empty","too","chain","western","statement","teach","bank","creature","sat","cowboy","other","nor","clear","card","mostly","memory","brick","feel","but"
"twice","accident","congress","crack","relationship","machine","exactly","brain","syllable","examine","shadow","name","tonight","cold","instant","pass","world","opposite","powder","everybody"
"told","sat","damage","wool","ocean","society","planet","degree","thank","claws","other","line","calm","star","hide","title","slabs","wheel","star","led"
"great","two","thank","cause","safe","layers","research","not","fight","type","free","victory","nice","announced","wherever","hurt","lunch","north","damage","ate"
"applied","locate","foreign","smallest","mud","song","mass","month","return","organized","variety","cause","metal","bear","somehow","degree","spell","now","serious","palace"
"thrown","discuss","definition","forth","cup","liquid","least","cutting","giant","particularly","printed","every","bee","bow","spite","typical","board","spirit","adventure","dollar"
"pick","great","tropical","rabbit","after","ill","talk","basket","quiet","especially","build","cover","basis","trace","main","couple","require","between","cut","trunk"
"famous","though","longer","early","remember","giving","cell","step","impossible","fifty","tin","barn","bone","floor","difficulty","section","noun","fox","half","merely"
"escape","nearly","smallest","arrive","eleven","previous","measure","active","coal","select","silk","record","feed","made","engine","surprise","spring","grass","people","gulf"
"shirt","traffic","beyond","fuel","then","division","skin","invented","planet","nation","top","sheep","very","yes","street","molecular","blanket","badly","ice","stuck"
"snake","between","breakfast","lungs","who","cut","building","event","sick","walk","fruit","exclaimed","activity","particular","size","drove","am","border","closer","sort"
"beneath","above","girl","half","bone","dress","job","slave","select","blank","program","ought","shaking","opposite","from","color","screen","without","comfortable","smooth"
"clean","open","follow","thirty","couple","smile","smaller","knew","hour","animal","left","captured","include","matter","clay","roll","instead","powder","camera","plates"
"trade","total","drove","certain","whatever","shoe","chose","traffic","breath","walk","column","future","merely","personal","quite","mass","shells","anybody","hunter","social"
"name","husband","film","thirty","church","curious","hole","dust","cage","product","forgot","warm","business","fighting","tightly","plural","after","rays","native","check"
"especially","grain","doubt","fireplace","together","sharp","object","pale","test","shade","dot","aid","clearly","wagon","whale","on","steep","dress","funny","student"
"most","mother","firm","secret","break","won","were","shoe","enough","drive","tight","cap","require","straw","represent","stretch","farmer","welcome","sold","angle"
"customs","field","doing","correctly","open","got","source","nails","better","parent","trouble","deer","pool","people","difficult","hardly","system","hidden","smallest","already"
"topic","whale","solve","whale","toy","applied","old","fifth","consider","thus","knowledge","joy","afraid","eye","something","discussion","adult","therefore","here","use"
"by","valuable","mass","drop","fought","its","worried","capital","passage","carbon","box","summer","chair","death","middle","example","cold","threw","grown","game"
"dropped","when","captured","wash","paper","do","crew","tide","according","open","slope","completely","gift","central","pride","student","belt","save","magnet","talk"
"five","next","nails","carbon","missing","he","wrote","accurate","unit","form","lesson","alive","burn","energy","roll","vessels","pale","kept","excitement","winter"
"month","melted","greatest","book","mind","back","merely","winter","merely","bridge","meant","vowel","leg","nine","selection","branch","mountain","military","hand","thy"
"mark","consist","baseball","whose","music","add","tales","make","frog","slightly","vowel","hollow","passage","book","swam","observe","helpful","floor","throat","post"
"agree","share","fuel","writer","evening","nearer","official","easy","look","underline","pound","may","firm","farm","myself","clothing","jet","mouth","riding","question"
"slow","hide","children","hollow","broken","grass","into","original","machinery","share","angry","actually","fog","plenty","sold","made","replace","for","twice","dog"
"quiet","clearly","giving","dance","ought","hard","silence","solution","managed","other","needs","bone","science","steep","parent","organization","cloud","afraid","direct","wore"
"tin","wheat","direction","whose","direction","free","out","teeth","old","death","given","figure","take","ear","poet","throw","clear","inside","milk","religious"
"island","noun","store","push","made","wherever","fewer","blood","brass","butter","congress","explore","serious","connected","attempt","to","tales","salt","blow","force"
"tune","bat","safe","vapor","plus","well","than","rule","including","at","foot","wrote","dried","against","worry","adventure","if","date","spite","dark"
"look","pony","curve","but","split","desert","throat","fully","newspaper","down","hurt","moon","white","fallen","lips","far","silly","layers","double","actual"
"rocket","usually","shoot","was","traffic","garden","queen","harder","adjective","free","disease","force","related","area","number","someone","victory","pink","fourth","hello"
"getting","mud","among","source","fox","safety","boy","inside","noted","frame","father","toward","electricity","were","bottle","whenever","wood","chamber","secret","dog"
"because","plenty","force","constantly","lion","goes","tongue","declared","silver","bat","almost","hidden","bigger","just","burn","top","bottle","stay","something","select"
"trap","piece","lady","same","none","wonderful","salmon","harbor","nervous","local","tomorrow","piece","information","should","engine","helpful","buried","wait","fair","jet"
"listen","won","team","afraid","foot","prize","explore","satisfied","owner","wheat","business","loud","send","letter","consonant","picture","explain","selection","tank","want"
"through","sun","desk","language","pressure","myself","except","children","distance","education","support","brought","pupil","brass","atomic","beginning","hello","town","positive","father"
"past","factory","block","ten","city","within","express","pile","judge","actual","office","watch","teacher","speak","log","decide","complete","former","health","world"
"alive","cream","car","storm","behind","observe","sets","poem","wild","forgot","married","branch","among","saw","fort","themselves","occasionally","ability","whether","ring"
"discover","solution","heavy","mental","couple","expect","biggest","yet","should","under","organization","all","species","drawn","knowledge","development","rose","mathematics","lovely","under"
"place","loud","name","result","noise","soap","depth","principle","pole","chest","track","how","zero","value","name","visitor","furniture","zero","stock","element"
"replied","bottom","very","gulf","tobacco","balance","with","quickly","boy","anybody","inside","near","similar","tent","on","comfortable","later","start","consonant","now"
"curious","hold","pack","buffalo","cotton","dot","successful","youth","chair","beat","able","dangerous","case","place","reader","sometime","push","pleasure","funny","near"
"hill","lungs","next","victory","pretty","hair","law","everything","offer","born","during","battle","light","team","familiar","end","mission","these","instead","read"
"quietly","additional","sentence","street","troops","clean","ancient","catch","electricity","stop","globe","out","population","different","column","they","stranger","indicate","volume","mirror"
"signal","fast","pressure","remove","direction","five","swung","using","smaller","money","gentle","zero","egg","long","planned","pale","tell","cannot","lion","reader"
"total","clay","divide","hurried","exercise","they","labor","naturally","five","earn","original","special","leader","stranger","step","send","queen","discussion","final","dog"
"wall","crop","metal","where","shall","massage","they","safety","night","needle","post","pipe","attached","protection","hurry","thank","now","scared","meant","plate"
"pupil","mood","solution","step","lips","few","spirit","tone","chest","word","bottle","frame","newspaper","hidden","value","asleep","brain","burst","on","that"
"chemical","congress","electricity","rod","appearance","regular","diameter","shop","horse","appearance","fish","understanding","stove","fill","similar","itself","pretty","begun","equal","sold"
"against","stuck","moon","bicycle","occasionally","exactly","baby","coal","browserling","offer","rocky","slow","declared","airplane","themselves","tightly","road","hundred","anybody","people"
"closely","combine","loss","success","fully","element","stepped","anywhere","fully","equator","somehow","darkness","dollar","break","wild","any","sit","during","heat","firm"
"close","customs","tune","strong","track","waste","satisfied","frog","stand","gasoline","quietly","label","scene","village","best","six","suppose","cookies","bat","hat"
"bit","land","men","fuel","able","flag","necessary","solar","origin","lungs","improve","guard","pale","substance","wheel","letter","pine","trap","star","flow"
"difference","purpose","breathing","frame","agree","symbol","begun","why","film","pine","sick","driving","dot","get","lie","fed","major","worried","church","near"
"seen","earth","stiff","earth","weigh","rabbit","body","police","actually","whale","weight","respect","connected","different","blue","may","order","coffee","attached","clean"
"against","harder","rising","perfect","fear","by","too","gain","aside","difference","spirit","darkness","chief","sick","thousand","motor","line","heat","unusual","pond"
"private","accurate","known","fish","mainly","on","occur","lie","magnet","pole","wrote","sweet","afraid","design","range","quick","next","surrounded","walk","throughout"
"alphabet","activity","slave","bread","neighbor","popular","develop","feet","divide","vapor","apple","fifth","rising","beauty","tired","built","softly","raw","broke","zoo"
"expect","for","order","oldest","horn","plates","village","instead","practical","soap","such","sit","birthday","parts","drink","sure","day","act","fallen","load"
"frozen","parts","nearer","hung","least","sense","jump","kept","held","belong","how","wore","studied","begun","soon","rear","distant","off","speak","roll"
"snow","coat","hit","beautiful","weigh","affect","form","cent","ever","ever","increase","hour","freedom","page","exclaimed","across","easier","post","environment","depth"
"through","sweet","base","main","during","human","circle","climb","stone","compare","off","party","whistle","add","anyway","greater","out","combine","thick","empty"
"control","alphabet","program","discovery","harder","nature","several","floating","enjoy","face","share","bright","horse","roll","college","donkey","triangle","owner","positive","respect"
"individual","anyway","must","combination","situation","him","prevent","successful","write","arm","folks","electricity","interest","dirt","its","press","individual","bent","fierce","carried"
"brief","chart","author","whether","build","ourselves","satellites","could","onlinetools","behind","glass","likely","also","fifty","easily","last","instrument","spoken","fallen","baseball"
"taught","handsome","settle","talk","tank","birth","orange","class","west","bridge","mad","travel","blind","alone","rhyme","thick","sum","eight","degree","classroom"
"band","along","steep","voice","printed","leave","growth","soft","design","vote","mine","fastened","mental","birds","wild","eager","throw","slabs","score","grabbed"
"leg","tongue","being","friend","shake","select","your","roll","problem","pet","are","control","tell","struggle","school","attached","various","tape","settle","yellow"
"die","cloud","signal","never","upward","previous","lot","ear","great","tonight","sunlight","brave","relationship","managed","dark","income","stuck","applied","are","forward"
"mental","harbor","on","careful","motion","sister","fastened","pain","cool","forth","rice","shape","uncle","driven","border","useful","including","immediately","chemical","basket"
"since","common","tonight","his","grandmother","chosen","pet","tape","terrible","roar","anyone","east","myself","ask","tree","ground","cloud","yet","simple","tired"
"particular","planning","pan","beyond","cause","back","adult","forgot","specific","ants","crop","happen","label","class","boy","poor","dead","offer","greater","water"
"ride","respect","surface","sort","meal","interior","deal","everything","needed","closer","thought","help","slip","suppose","arrangement","layers","clean","farmer","stream","doll"
"cowboy","jet","grain","angry","fireplace","daily","hat","impossible","load","death","spent","fully","drop","sing","soil","highway","hope","plural","police","must"
"mile","be","decide","white","excited","century","space","lie","smaller","question","material","almost","having","disease","accident","camp","worry","result","broken","using"
"ready","electric","poetry","actual","fairly","consist","pour","lake","air","bear","service","service","darkness","value","hunter","ready","would","radio","likely","couple"
"original","bright","waste","powder","paint","women","sometime","cattle","ever","respect","being","west","view","salmon","sheep","stranger","spring","buy","giant","ball"
"tide","tool","rising","per","essential","perhaps","teeth","raise","wolf","additional","provide","mud","control","film","beautiful","eaten","weather","make","along","hospital"
"balloon","whom","nine","life","sun","cat","brush","rhyme","social","inside","chicken","fruit","met","met","garage","grade","one","twice","pattern","creature"
"blow","want","tail","white","thick","made","told","fence","part","together","theory","danger","choose","movement","limited","husband","pencil","chose","sides","ran"
"mathematics","sad","automobile","strange","opinion","rate","matter","steep","pool","alone","simple","it","box","stiff","general","lake","program","bean","decide","instant"
"law","feet","scared","on","action","began","pipe","applied","bread","want","cell","nation","bigger","heard","forth","aware","naturally","college","held","exist"
"browserling","spider","bowl","complex","spring","dark","around","coffee","worth","potatoes","let","opinion","depend","mathematics","larger","pupil","sand","safe","kitchen","easy"
"prize","engineer","nest","danger","giant","nose","rule","mind","thread","under","which","second","apple","bow","line","curious","box","highest","value","actual"
"must","bright","attached","provide","place","barn","listen","nuts","at","lion","cannot","fastened","before","copy","bread","alphabet","amount","hot","pig","per"
"trip","nose","ear","job","new","century","rice","electric","tone","strength","start","forth","surface","operation","greater","other","bite","planned","egg","took"
"log","bad","crowd","avoid","mixture","voice","plates","street","according","son","came","angle","fastened","older","mood","canal","forgotten","solid","language","city"
"three","block","record","raise","wind","surrounded","strange","drop","forget","pilot","wire","return","pipe","fully","ordinary","modern","pine","either","type","young"
"original","loose","excitement","free","purple","happily","progress","motor","box","pictured","physical","if","dangerous","hidden","sweet","have","give","author","loose","rose"
"worry","zoo","might","bent","out","bit","build","replace","wave","power","eleven","pressure","community","grain","sit","universe","difference","research","stiff","production"
"belt","vote","second","clothes","inside","thumb","sport","machine","nothing","way","surface","music","require","you","magnet","ordinary","smoke","fix","disappear","log"
"flies","discuss","law","establish","feed","mill","contain","got","suit","so","level","comfortable","most","spoken","mysterious","powder","smile","graph","moving","suggest"
"consider","slipped","window","sitting","corn","near","driven","complete","instant","private","sentence","stop","field","amount","explain","nature","pupil","principal","skin","badly"
"coming","expect","police","wheat","screen","cowboy","vowel","flies","president","earn","honor","ground","sick","into","mighty","laid","surrounded","mud","fellow","which"
"grabbed","sheet","explanation","sold","either","sheep","fun","them","deep","was","verb","war","slight","pretty","time","drink","her","motion","doctor","function"
"is","school","simplest","amount","automobile","night","touch","region","could","far","laid","fact","event","pie","feed","supply","person","dull","lamp","structure"
"fly","treated","smell","turn","higher","certain","shelf","such","thick","stomach","characteristic","directly","fight","power","ball","direction","gasoline","dangerous","refer","add"
"island","sum","tone","east","aside","lips","clearly","torn","depth","possibly","blind","writing","shape","hole","money","wealth","announced","exact","branch","immediately"
"raw","wolf","lift","depend","glass","gone","mice","theory","other","palace","knife","signal","gas","pony","major","box","hurt","distant","ill","vegetable"
"slave","fox","studied","remain","construction","fifteen","pain","choose","speed","syllable","rose","stiff","standard","between","hello","border","it","field","fact","palace"
"while","man","along","wild","pair","exact","let","except","control","settlers","tried","buy","available","region","average","drink","yellow","silk","gravity","symbol"
"habit","fed","crowd","eleven","plate","free","fourth","huge","acres","exist","could","did","noted","composition","model","peace","baby","system","adventure","wheel"
"goes","pride","teeth","alphabet","level","begun","ants","completely","rhythm","box","kept","whenever","he","situation","lying","species","pride","except","bank","dear"
"largest","wolf","division","wheel","browserling","once","series","flew","said","somebody","wave","including","screen","tales","food","important","lamp","sent","mighty","private"
"map","courage","strange","naturally","basis","business","physical","draw","running","basket","range","half","doctor","above","coast","any","scared","husband","deal","instrument"
"therefore","ahead","dead","development","origin","plant","consider","cotton","bottom","knew","quiet","roll","meat","afraid","honor","beginning","strike","necessary","proper","origin"
"quarter","something","title","foreign","church","topic","path","indicate","date","minute","factory","replace","sand","sing","drive","club","leaf","buried","former","bite"
"language","suit","guide","negative","mix","front","either","open","furniture","still","highest","bush","good","steel","shoot","tree","material","occur","radio","degree"
"eventually","depend","whale","spell","locate","current","universe","list","rubber","variety","solar","look","certain","rabbit","group","factory","power","train","folks","principle"
"guide","neighbor","younger","bread","tune","material","use","voyage","stood","molecular","writing","sink","manufacturing","task","seen","black","park","bush","interest","very"
"from","meant","limited","recently","by","equipment","language","notice","movie","know","flies","today","except","available","want","glass","ill","anyway","care","additional"
"season","composed","declared","airplane","nation","rocket","enemy","larger","milk","barn","summer","answer","electricity","outside","die","took","freedom","world","ought","rock"
"examine","afternoon","talk","finish","nearest","nuts","stream","bag","obtain","rough","eye","till","choice","affect","tongue","larger","with","amount","pen","cream"
"win","flat","degree","smooth","anyway","frighten","broke","familiar","screen","importance","high","were","herd","left","ear","anyone","involved","sweet","hall","forest"
"mail","everyone","safe","guard","anywhere","food","palace","mouth","dirt","end","very","piano","example","ate","island","all","life","shall","opinion","building"
"just","valuable","sell","tonight","happily","wall","married","tell","series","student","thousand","swung","rising","shop","safe","name","pleasant","house","region","live"
"available","passage","laugh","us","common","metal","leg","studying","tight","coast","air","garage","tent","exchange","smallest","little","worth","occasionally","length","solve"
"away","type","help","then","summer","this","colony","measure","avoid","exclaimed","spring","rice","such","through","fifty","different","wall","tide","recall","matter"
"dance","solve","left","boy","train","occasionally","sold","pencil","alike","declared","graph","trail","orbit","grown","pocket","useful","term","nearly","course","fastened"
"be","horn","further","heat","job","swept","pleasant","image","aboard","share","off","many","income","mark","tin","doubt","date","football","money","construction"
"is","neighborhood","whatever","doubt","sang","therefore","corn","captain","pot","began","zero","exercise","involved","doll","vegetable","scientific","origin","office","somehow","spider"
"primitive","low","myself","doctor","amount","feel","low","depth","court","stage","shade","having","accident","bit","curve","yet","wire","scene","swept","sheet"
"whenever","key","student","star","southern","opposite","triangle","bow","enter","western","anybody","onlinetools","tank","mostly","apple","ball","respect","winter","fence","terrible"
"raw","becoming","bet","using","weight","layers","rule","far","else","lack","next","vegetable","amount","help","seat","block","accident","claws","west","they"
"roar","couple","coat","independent","likely","characteristic","sun","yesterday","individual","plus","dried","win","basis","partly","somehow","announced","valuable","forget","deep","up"
"luck","creature","roof","seldom","principal","known","until","poetry","wool","finger","dinner","pair","model","scale","store","entire","plane","while","continued","load"
"deer","station","score","easier","element","neck","consonant","stepped","substance","moon","slight","feel","task","were","fire","basis","bent","design","voice","bite"
"any","slave","anyone","massage","break","worse","therefore","evidence","also","among","here","line","stop","example","closer","bring","bread","good","familiar","consonant"
"copy","sharp","together","improve","quite","appropriate","realize","throughout","behind","danger","ever","somehow","yourself","which","soil","failed","industrial","wild","create","selection"
"brush","son","tone","blanket","solid","police","spoken","breeze","clay","collect","women","bad","easy","sent","table","unusual","coal","small","problem","teeth"
"further","ever","star","morning","spend","hope","fine","positive","may","cent","taught","adventure","him","sometime","car","her","act","cell","thy","own"
"habit","usual","closer","especially","ball","prevent","cup","exciting","bring","pet","native","jump","natural","flow","tea","dropped","cage","forest","trace","courage"
"twice","consider","queen","coming","exclaimed","sand","oldest","claws","imagine","tank","record","facing","purpose","shoulder","object","ill","angry","red","scared","unknown"
"process","flew","excellent","firm","location","bad","anything","foreign","fourth","package","dream","wagon","produce","traffic","dear","freedom","charge","together","arm","wish"
"seeing","height","elephant","substance","gain","bite","recall","southern","row","star","nature","strike","simplest","vote","note","distance","think","gently","fed","tie"
"opportunity","children","above","brush","whistle","board","suit","string","if","deep","happily","tightly","nice","summer","depth","clothes","orbit","her","small","vapor"
"product","sky","modern","mine","compare","mirror","what","manufacturing","provide","speech","brass","chose","future","if","expect","sitting","duty","south","end","stopped"
"underline","stop","require","growth","region","smallest","dear","make","planned","theory","cow","structure","unknown","other","surrounded","official","teach","detail","green","settlers"
"manner","hand","onlinetools","choice","topic","pupil","pattern","tomorrow","report","behind","character","selection","stick","automobile","mine","parallel","thing","engineer","husband","fat"
"easy","struck","walk","in","base","these","upon","hair","station","research","recent","let","tell","call","fairly","especially","pay","stomach","music","scientist"
"goose","parent","solve","raise","torn","seeing","pine","calm","both","massage","cave","fought","field","record","unusual","detail","drive","heading","creature","again"
"voice","grown","somewhere","slave","price","recent","twenty","pick","bee","time","sea","slipped","forgotten","house","ants","past","shown","joined","figure","book"
"slipped","pen","girl","student","additional","silver","principal","someone","horn","but","rice","easy","able","needs","immediately","detail","saved","writing","represent","dawn"
"disease","ought","widely","nature","government","hay","more","sometime","coast","worth","food","simply","airplane","cell","congress","hurry","parent","straight","population","higher"
"feature","thick","somewhere","rush","cowboy","writing","equator","combine","made","yellow","meal","baseball","queen","listen","what","salt","pour","ancient","throat","noon"
"habit","large","mostly","choice","baby","shells","terrible","fog","burst","settlers","baseball","audience","hospital","make","gray","pocket","lake","read","enjoy","him"
"man","late","dress","tie","girl","pencil","long","vowel","modern","spring","straight","century","badly","sitting","useful","got","mother","improve","health","tiny"
"port","family","judge","back","make","frog","scale","hide","swung","business","dog","beauty","identity","said","neighbor","flame","tower","month","gain","cool"
"military","syllable","such","golden","seems","vessels","root","plural","call","seeing","team","pig","seeing","gasoline","useful","feet","nervous","simplest","front","you"
"steel","individual","image","against","brave","orbit","tightly","globe","west","blue","concerned","information","scale","hold","indicate","kids","progress","lungs","tower","ancient"
"potatoes","rain","guess","fun","fence","printed","birthday","fastened","distance","exchange","hat","ate","earn","pitch","mile","read","drawn","carry","though","mud"
"attention","sometime","herself","putting","fourth","tip","tiny","replied","sweet","else","horse","local","find","carried","member","space","breeze","bit","wear","uncle"
"needs","afternoon","shine","somebody","both","price","general","welcome","social","finest","quietly","powder","purpose","growth","between","newspaper","unknown","fox","difficult","easier"
"calm","smell","structure","lower","hungry","disease","root","simple","imagine","thing","among","child","company","fact","page","bread","date","prevent","stems","organized"
"current","cross","wrapped","pond","live","arm","needle","rock","climb","happened","brave","screen","ranch","winter","outline","bound","major","tie","speak","meat"
"clear","twenty","customs","ago","owner","dry","rice","hurried","factor","good","explain","darkness","leg","night","instrument","floor","belt","missing","freedom","knew"
"select","useful","nation","wave","coming","whether","death","discuss","tropical","what","difference","let","they","situation","money","occasionally","pure","put","musical","history"
"wise","importance","use","pay","by","black","magic","hidden","of","probably","badly","fighting","sets","friend","cage","enough","typical","sign","concerned","storm"
"needle","fought","size","shore","sign","motion","whenever","research","tie","back","more","aloud","cutting","largest","play","us","himself","after","shoulder","sick"
"discussion","necessary","work","usually","hope","limited","hurry","crew","top","sheet","atom","day","dropped","joy","want","word","creature","guess","many","bread"
"build","fifth","successful","rubbed","paid","stranger","guard","horn","horn","consonant","labor","forth","shot","giving","plural","apart","laid","shaking","step","leather"
"whatever","six","writing","magnet","birds","hidden","does","dug","ask","declared","inside","factor","rain","told","loud","additional","so","its","sitting","planned"
"won","shirt","while","slave","death","front","radio","hurt","evening","poetry","voice","customs","breathe","percent","race","doubt","harbor","claws","particularly","solar"
"list","someone","port","while","movie","contrast","mountain","drew","must","atomic","stared","cabin","give","deeply","take","cap","log","worth","ready","depend"
"whole","so","helpful","black","nervous","problem","castle","treated","examine","teeth","bag","farmer","class","title","original","browserling","writer","stay","clothing","reach"
"final","finger","capital","shallow","party","lonely","accept","which","card","bent","jump","attack","rear","drive","breakfast","means","prize","balance","largest","flag"
"involved","cook","forget","available","rapidly","program","higher","serve","goes","tiny","speech","sheep","lion","heart","equipment","tree","said","paid","giving","ring"
"saved","image","ask","quick","loud","tie","coming","crew","clear","doctor","meal","voice","hello","list","independent","door","than","found","bee","pig"
"standard","include","spring","wherever","control","window","palace","game","prepare","river","hidden","simply","rice","front","carefully","physical","shot","broad","wing","sun"
"ability","lake","whale","double","able","industrial","thrown","mile","introduced","move","rubber","beat","trunk","barn","chicken","modern","social","move","mostly","complex"
"team","bear","contrast","chain","test","even","greatly","worry","fifteen","mountain","until","smallest","southern","suddenly","result","describe","branch","complex","fish","fire"
"tin","whistle","modern","fun","flight","soil","rhythm","mine","went","may","kill","brown","cut","effort","rice","claws","voice","yourself","married","pour"
"cold","from","dozen","largest","leaving","ourselves","water","real","voice","thousand","some","not","needed","familiar","bank","science","happy","principal","poem","honor"
"perfect","cloth","wear","path","evidence","halfway","younger","location","community","dozen","beneath","simplest","cell","pocket","name","arrive","member","pay","softly","officer"
"library","copper","complete","difficulty","mouth","chamber","map","roof","growth","lonely","pleasure","breakfast","lucky","key","grain","stomach","chosen","tell","meant","best"
"studied","fact","appropriate","caught","stone","piano","prove","wait","vapor","measure","environment","pleasant","trail","meal","against","inside","dig","position","great","now"
"eaten","cost","camera","red","school","palace","voice","sort","daily","however","pencil","when","fine","managed","frequently","compass","chosen","story","degree","remember"
"hundred","mice","fine","bet","think","directly","off","single","coal","slide","attention","gave","consonant","breathe","coast","sold","teach","whether","pale","nails"
"dead","honor","ordinary","horn","upward","quiet","location","tail","cause","sheep","worried","war","consider","castle","slabs","progress","state","somewhere","dollar","zoo"
"education","pride","control","dull","butter","fine","answer","graph","quick","advice","rhythm","asleep","quickly","house","combination","his","itself","must","different","dropped"
"when","diagram","strength","log","whispered","consonant","scientific","stock","bone","official","chosen","distance","pilot","children","run","softly","strange","still","least","wait"
"gave","trace","dream","grabbed","anyway","regular","rock","several","arm","husband","desert","moment","steam","planned","dog","bat","bill","unless","ago","distant"
"sudden","evidence","foreign","due","wherever","born","drop","minute","shaking","drop","income","remarkable","easy","science","in","handsome","needle","base","share","explore"
"current","waste","single","grandfather","snake","heart","further","whispered","themselves","began","manner","cell","range","child","burn","people","setting","buried","push","bare"
"solution","heading","easier","knew","talk","cross","wonderful","deeply","slip","greatest","particularly","movie","modern","shape","cutting","fox","massage","bar","egg","left"
"they","bottom","theory","raw","village","movie","basic","hardly","refused","exactly","explore","badly","from","split","gasoline","deer","afraid","hole","according","almost"
"excitement","around","around","easier","should","fox","saved","example","influence","parent","species","needed","contain","there","while","seems","wait","along","dinner","as"
"slightly","turn","fell","month","sky","similar","already","none","themselves","pool","art","road","east","fox","collect","finally","tightly","fuel","club","knew"
"solid","treated","grain","basket","pride","helpful","mistake","boat","mile","look","realize","drink","walk","pink","greatest","shoulder","drew","natural","broad","slept"
"getting","observe","rough","taste","bar","account","determine","boy","brother","hidden","straw","ahead","science","rock","kids","dirt","report","author","tower","roar"
"plenty","sky","throw","fully","story","out","changing","bar","take","particular","except","officer","meant","giant","see","rush","promised","chose","lesson","language"
"share","silk","station","victory","goes","taken","choose","white","whose","special","river","type","plenty","magnet","softly","shelf","bag","swung","nails","expect"
"slowly","accurate","cry","watch","science","peace","degree","satisfied","whatever","dollar","vertical","harbor","thee","store","bite","scale","first","rough","end","pair"
"means","enough","rest","lips","curve","mysterious","expression","fairly","produce","steam","shadow","cost","recent","aware","regular","writing","community","popular","object","fox"
"breakfast","nothing","oldest","almost","mysterious","flat","dawn","necessary","dozen","diagram","form","union","settlers","triangle","became","brush","soon","family","radio","week"
"cow","medicine","facing","plural","essential","join","having","plates","complete","caught","people","specific","position","extra","attention","having","discover","definition","valuable","wish"
"complete","understanding","purple","mill","nice","storm","realize","known","mood","sand","young","mass","mathematics","room","fifteen","diameter","in","electric","wet","plural"
"ran","waste","disappear","explain","engine","ever","foreign","perfect","equipment","orange","throw","why","consist","drink","planning","valley","complex","rapidly","weak","potatoes"
"balloon","vertical","might","oil","throughout","knew","research","stock","range","pupil","thousand","heat","canal","across","line","single","hurt","careful","cheese","mysterious"
"voice","sheet","unit","swimming","rather","best","bush","step","realize","tail","ear","bigger","rain","giant","spider","rest","pass","teach","breeze","what"
"scale","dinner","share","very","strange","object","soil","event","way","especially","worker","general","might","begun","train","jet","known","desk","machine","wind"
"written","chicken","move","force","attention","coffee","principal","chance","title","basis","cabin","sang","thought","birth","cowboy","understanding","secret","twelve","president","bee"
"decide","deal","asleep","trade","height","sell","ill","him","temperature","bet","laid","sleep","success","industry","pound","desk","salmon","water","knew","four"
"west","result","alphabet","branch","kind","seven","forth","chart","kitchen","carry","wonderful","probably","hunt","two","partly","desk","dried","changing","hold","car"
"continued","deep","instead","but","skill","policeman","organization","throughout","closely","police","clearly","rose","glass","cut","move","satisfied","cow","machine","cloth","consist"
"passage","additional","men","typical","forth","basis","animal","salt","information","driver","them","atmosphere","place","fuel","caught","bright","hit","donkey","coat","nearer"
"unknown","ball","early","on","promised","bend","warm","reach","shade","enjoy","know","help","movie","short","plane","original","believed","important","police","immediately"
"apart","something","left","slave","hill","possibly","create","consonant","free","tribe","tropical","behind","matter","thumb","property","suppose","fox","camp","only","unknown"
"flew","fine","jet","tone","jungle","amount","fighting","equally","glad","smile","key","bridge","bound","driven","contain","owner","bite","ill","angry","fish"
"being","anyone","greater","loose","divide","sound","older","energy","boy","vowel","fell","boat","stepped","doubt","grabbed","popular","sets","beside","lot","title"
"dirty","tower","putting","shoot","western","apartment","hard","calm","jump","period","engineer","valuable","call","teeth","closely","wood","variety","thrown","church","gentle"
"field","position","safety","small","slow","determine","halfway","bet","store","shut","fought","thick","modern","short","machine","until","magic","provide","cat","play"
"angry","paint","voyage","whose","garage","safe","brass","last","extra","birds","field","beside","doctor","lift","particularly","follow","scientific","difficult","sound","bet"
"forget","birthday","contrast","river","opportunity","personal","machinery","glass","exchange","motor","diameter","light","want","led","quick","giant","occur","represent","image","vapor"
"partly","still","seldom","small","no","blind","behavior","world","fellow","pig","faster","sold","believed","about","partly","consist","keep","situation","contrast","try"
"cap","short","upper","nobody","somewhere","example","doctor","bare","struggle","outer","wear","wonder","little","seat","truck","audience","wire","plus","trail","rhythm"
"slow","from","scared","choice","library","member","sudden","frozen","rice","breakfast","suddenly","review","allow","fair","folks","orange","wide","visitor","rear","tiny"
"standard","massage","powder","possible","pet","stream","simplest","figure","rear","breathing","manufacturing","trap","cattle","necessary","anything","consonant","handsome","spite","at","principal"
"truck","whether","sing","you","fastened","future","possibly","piece","cool","rice","syllable","needed","garden","needed","realize","higher","division","pig","production","pot"
"serve","condition","concerned","yard","steel","lips","union","protection","listen","quiet","forest","win","mountain","drove","gulf","corner","longer","sort","row","cost"
"religious","both","best","pencil","deer","gun","pine","row","log","ate","slightly","met","moment","cap","come","fought","gravity","snake","cover","widely"
"mathematics","plus","faster","myself","man","wise","property","government","twelve","pool","government","rather","hard","stiff","occur","process","pile","since","leaving","explore"
"activity","pile","crowd","cream","transportation","right","laugh","wore","noun","there","flame","characteristic","problem","saved","farmer","brave","daughter","brick","obtain","disease"
"stepped","leaf","truth","struggle","jar","flow","those","salt","grass","happened","again","before","steady","teeth","grown","send","shout","college","already","drew"
"between","cost","mountain","thou","spell","helpful","catch","then","pay","drawn","because","trade","mud","refused","pink","stiff","facing","only","number","mental"
"fence","public","west","tight","some","base","you","wrapped","function","burn","paragraph","fish","record","song","row","piano","development","factory","off","range"
"twice","supper","compound","necessary","sunlight","traffic","flow","hunter","swung","blood","might","stop","fireplace","beat","missing","uncle","beat","stone","principle","fell"
"police","quite","layers","combination","giant","snow","tightly","thank","stove","paper","honor","memory","kind","road","weak","numeral","round","strange","trail","corn"
"naturally","party","finally","lying","equipment","mother","out","both","round","read","loose","back","health","train","club","putting","trick","lion","policeman","sale"
"private","toward","over","chart","year","instant","near","someone","please","deal","statement","information","claws","dollar","behavior","laugh","load","stick","six","else"
"family","affect","part","tail","exist","clean","bottom","half","call","missing","cookies","lunch","gray","taught","tie","surprise","silent","rise","compare","memory"
"structure","pretty","party","deep","pen","death","protection","solar","wheat","drew","fought","helpful","region","establish","wrote","paragraph","swung","vegetable","during","whether"
"species","natural","compass","shall","lungs","show","ocean","coffee","addition","instant","limited","exciting","fast","production","planet","canal","through","aware","pattern","flight"
"lunch","spell","wooden","band","bush","hard","did","tired","school","pen","heart","tongue","luck","magnet","herd","expect","green","all","evening","dropped"
"about","finger","unusual","knowledge","standard","among","number","steep","captured","principal","rod","method","giving","lamp","teacher","instance","wing","moment","grass","up"
"cell","any","firm","police","television","explanation","therefore","recently","back","cut","heart","green","poetry","room","seems","establish","entirely","according","willing","warn"
"club","cap","equal","design","due","swim","been","it","structure","toward","eight","hunt","prepare","nice","time","clothes","club","clay","taught","army"
"cross","same","range","material","able","history","hard","solution","room","nervous","pipe","silent","advice","consonant","glad","appropriate","mysterious","many","jump","saw"
"chance","motor","jungle","moon","start","angle","smaller","wet","no","another","post","atmosphere","rubbed","art","wife","skill","wrong","climb","rapidly","present"
"pattern","safe","age","minerals","rush","sign","require","certainly","quarter","fun","importance","progress","travel","right","loss","return","perfect","atomic","blue","sat"
"above","bet","body","mighty","spring","tightly","secret","conversation","orange","beauty","farmer","supper","lost","newspaper","lamp","bit","course","younger","social","water"
"accurate","owner","policeman","growth","public","gradually","sit","given","gentle","wonder","captured","cover","roar","hardly","select","oldest","around","possible","our","note"
"am","how","using","stove","expression","view","lack","rain","sunlight","onlinetools","rocket","empty","jungle","wolf","daily","desk","feel","percent","bee","human"
"actual","police","happy","author","imagine","what","vessels","famous","over","bone","root","search","discovery","purple","price","elephant","rising","fuel","from","during"
"automobile","strike","whom","blew","tent","team","certainly","almost","pen","principal","mainly","join","factory","poem","root","stretch","deeply","managed","express","essential"
"pictured","angry","blood","pretty","because","take","beginning","year","chose","exactly","specific","adjective","rice","shinning","object","planning","oil","together","feed","cake"
"orange","canal","would","flies","income","able","burst","offer","wing","tales","molecular","hour","whenever","easy","string","college","television","cover","deep","stretch"
"question","thousand","are","system","captain","slow","girl","shall","cat","blanket","principal","truck","gain","lower","pour","stand","action","flame","baby","bone"
"arrive","sea","office","later","labor","adult","mice","sing","compound","wealth","school","breathe","aloud","new","increase","making","attack","until","like","from"
"fix","slipped","managed","short","branch","standard","higher","means","are","pressure","other","ran","label","clothes","spell","month","market","scientific","generally","experiment"
"already","brick","roar","sell","citizen","guess","accurate","point","current","length","yard","held","tribe","folks","among","temperature","sun","low","level","believed"
"per","dress","dried","day","baby","final","older","recognize","jar","spin","agree","everything","stove","per","dress","south","health","solution","am","slight"
"colony","today","slabs","pony","soap","mice","finest","hard","salmon","possible","chosen","talk","carefully","pine","bigger","attempt","excitement","cook","stick","men"
"including","consonant","constantly","consider","your","constantly","fireplace","behind","lamp","feathers","bare","second","summer","pink","shadow","daily","they","face","original","who"
"attention","center","angle","chest","cross","oil","they","strong","bite","yourself","community","exact","river","led","size","equipment","bus","means","subject","point"
"uncle","different","outer","alphabet","noon","use","motor","pet","shaking","become","personal","desk","baby","neighborhood","feature","wide","solid","farther","known","fast"
"gasoline","pour","chosen","mouse","base","climb","automobile","she","parallel","itself","floating","within","land","help","among","beneath","pig","fight","slowly","driven"
"who","roll","sell","club","color","play","high","knife","popular","yet","men","tie","area","review","dust","consist","engine","adjective","entirely","influence"
"ranch","mice","eaten","official","court","driven","bush","previous","newspaper","equator","stared","enter","piece","highest","kept","reach","bush","mix","bag","tent"
"eight","are","cattle","burn","clear","heart","hollow","perfectly","draw","page","choose","bad","shoulder","bound","fear","mother","dirty","two","subject","ear"
"service","chosen","white","locate","price","poem","shinning","bill","spin","building","examine","program","tomorrow","between","sea","major","ship","happily","sides","slight"